Workbook

Sheet Raw – Monthly Paid Orders
B2: RAW DATA – Monthly Paid Orders (Apr 2012 – Apr 2013)
B3: Source: Orders dataset | Filters: OrderPaid is valid date; OrderCancelled is sentinel (1900/1970/0)
B5: Month | C5: Paid Orders | D5: Prior Month Orders | E5: Prior Year Orders (same month)
B6: Apr 2012 | C6: 19272 | E6: 1741
B7: May 2012 | C7: 24787 | D7: 19272 | E7: 4000
B8: Jun 2012 | C8: 22169 | D8: 24787 | E8: 4864
B9: Jul 2012 | C9: 25164 | D9: 22169 | E9: 6308
B10: Aug 2012 | C10: 24170 | D10: 25164 | E10: 8288
B11: Sep 2012 | C11: 22952 | D11: 24170 | E11: 8512
B12: Oct 2012 | C12: 25638 | D12: 22952 | E12: 10115
B13: Nov 2012 | C13: 25808 | D13: 25638 | E13: 12040
B14: Dec 2012 | C14: 30978 | D14: 25808 | E14: 14808
B15: Jan 2013 | C15: 31327 | D15: 30978 | E15: 15633
B16: Feb 2013 | C16: 27305 | D16: 31327 | E16: 15469
B17: Mar 2013 | C17: 38336 | D17: 27305 | E17: 18523
B18: Apr 2013 | C18: 12158 | D18: 38336 | E18: 7900
B21: Legend: | C21: Blue = hardcoded source value (input from dataset)

Sheet Q1 – Calculations
B2: QUESTION 1 – PAID ORDERS: MoM & YoY CALCULATIONS
B3: Commercial Team | Last 13 months: Apr 2012 – Apr 2013 | Slicers: PayIn Country, PayOut Country, Date
B4: MoM (%) = (Current Month Orders – Prior Month Orders) / Prior Month Orders × 100 | YoY (%) = (Current Month Orders – Same Month Prior Year Orders) / Same Month Prior Year Orders × 100 | April 2013 YoY uses MTD vs MTD (up to day 14) per glossary
B6: Month | C6: Paid Orders | D6: Prior Month Orders | E6: MoM Change (%) | F6: Prior Year Orders | G6: YoY Change (%)
B7: ='Raw – Monthly Paid Orders'!B6 -> Apr 2012 | C7: ='Raw – Monthly Paid Orders'!C6 -> 19272 | D7: ='Raw – Monthly Paid Orders'!D6 -> 0 | E7: N/A | F7: ='Raw – Monthly Paid Orders'!E6 -> 1741 | G7: =IFERROR((C7-F7)/F7,"N/A") -> 10.0695
B8: ='Raw – Monthly Paid Orders'!B7 -> May 2012 | C8: ='Raw – Monthly Paid Orders'!C7 -> 24787 | D8: ='Raw – Monthly Paid Orders'!D7 -> 19272 | E8: =IFERROR((C8-D8)/D8,"N/A") -> 0.28616646 | F8: ='Raw – Monthly Paid Orders'!E7 -> 4000 | G8: =IFERROR((C8-F8)/F8,"N/A") -> 5.19675
B9: ='Raw – Monthly Paid Orders'!B8 -> Jun 2012 | C9: ='Raw – Monthly Paid Orders'!C8 -> 22169 | D9: ='Raw – Monthly Paid Orders'!D8 -> 24787 | E9: =IFERROR((C9-D9)/D9,"N/A") -> -0.10561988 | F9: ='Raw – Monthly Paid Orders'!E8 -> 4864 | G9: =IFERROR((C9-F9)/F9,"N/A") -> 3.5577714
B10: ='Raw – Monthly Paid Orders'!B9 -> Jul 2012 | C10: ='Raw – Monthly Paid Orders'!C9 -> 25164 | D10: ='Raw – Monthly Paid Orders'!D9 -> 22169 | E10: =IFERROR((C10-D10)/D10,"N/A") -> 0.13509856 | F10: ='Raw – Monthly Paid Orders'!E9 -> 6308 | G10: =IFERROR((C10-F10)/F10,"N/A") -> 2.98922
B11: ='Raw – Monthly Paid Orders'!B10 -> Aug 2012 | C11: ='Raw – Monthly Paid Orders'!C10 -> 24170 | D11: ='Raw – Monthly Paid Orders'!D10 -> 25164 | E11: =IFERROR((C11-D11)/D11,"N/A") -> -0.039500874 | F11: ='Raw – Monthly Paid Orders'!E10 -> 8288 | G11: =IFERROR((C11-F11)/F11,"N/A") -> 1.9162645
B12: ='Raw – Monthly Paid Orders'!B11 -> Sep 2012 | C12: ='Raw – Monthly Paid Orders'!C11 -> 22952 | D12: ='Raw – Monthly Paid Orders'!D11 -> 24170 | E12: =IFERROR((C12-D12)/D12,"N/A") -> -0.050393049 | F12: ='Raw – Monthly Paid Orders'!E11 -> 8512 | G12: =IFERROR((C12-F12)/F12,"N/A") -> 1.6964286
B13: ='Raw – Monthly Paid Orders'!B12 -> Oct 2012 | C13: ='Raw – Monthly Paid Orders'!C12 -> 25638 | D13: ='Raw – Monthly Paid Orders'!D12 -> 22952 | E13: =IFERROR((C13-D13)/D13,"N/A") -> 0.11702684 | F13: ='Raw – Monthly Paid Orders'!E12 -> 10115 | G13: =IFERROR((C13-F13)/F13,"N/A") -> 1.5346515
B14: ='Raw – Monthly Paid Orders'!B13 -> Nov 2012 | C14: ='Raw – Monthly Paid Orders'!C13 -> 25808 | D14: ='Raw – Monthly Paid Orders'!D13 -> 25638 | E14: =IFERROR((C14-D14)/D14,"N/A") -> 0.0066307824 | F14: ='Raw – Monthly Paid Orders'!E13 -> 12040 | G14: =IFERROR((C14-F14)/F14,"N/A") -> 1.1435216
B15: ='Raw – Monthly Paid Orders'!B14 -> Dec 2012 | C15: ='Raw – Monthly Paid Orders'!C14 -> 30978 | D15: ='Raw – Monthly Paid Orders'!D14 -> 25808 | E15: =IFERROR((C15-D15)/D15,"N/A") -> 0.20032548 | F15: ='Raw – Monthly Paid Orders'!E14 -> 14808 | G15: =IFERROR((C15-F15)/F15,"N/A") -> 1.0919773
B16: ='Raw – Monthly Paid Orders'!B15 -> Jan 2013 | C16: ='Raw – Monthly Paid Orders'!C15 -> 31327 | D16: ='Raw – Monthly Paid Orders'!D15 -> 30978 | E16: =IFERROR((C16-D16)/D16,"N/A") -> 0.01126606 | F16: ='Raw – Monthly Paid Orders'!E15 -> 15633 | G16: =IFERROR((C16-F16)/F16,"N/A") -> 1.003902
B17: ='Raw – Monthly Paid Orders'!B16 -> Feb 2013 | C17: ='Raw – Monthly Paid Orders'!C16 -> 27305 | D17: ='Raw – Monthly Paid Orders'!D16 -> 31327 | E17: =IFERROR((C17-D17)/D17,"N/A") -> -0.12838765 | F17: ='Raw – Monthly Paid Orders'!E16 -> 15469 | G17: =IFERROR((C17-F17)/F17,"N/A") -> 0.76514319
B18: ='Raw – Monthly Paid Orders'!B17 -> Mar 2013 | C18: ='Raw – Monthly Paid Orders'!C17 -> 38336 | D18: ='Raw – Monthly Paid Orders'!D17 -> 27305 | E18: =IFERROR((C18-D18)/D18,"N/A") -> 0.40399194 | F18: ='Raw – Monthly Paid Orders'!E17 -> 18523 | G18: =IFERROR((C18-F18)/F18,"N/A") -> 1.0696431
B19: ='Raw – Monthly Paid Orders'!B18 -> Apr 2013 | C19: ='Raw – Monthly Paid Orders'!C18 -> 12158 | D19: ='Raw – Monthly Paid Orders'!D18 -> 38336 | E19: =IFERROR((C19-D19)/D19,"N/A") -> -0.68285684 | F19: ='Raw – Monthly Paid Orders'!E18 -> 7900 | G19: =IFERROR((C19-F19)/F19,"N/A") -> 0.53898734
B20: TOTAL / AVG | C20: =SUM(C7:C19) -> 330064 | D20: — | E20: — | F20: — | G20: =AVERAGEIF(G7:G19,"<>N/A") -> 2.5056739
B22: Colour Legend: | C22: Blue text = hardcoded input value
C23: Green text = formula linking from another sheet
C24: Black text = calculated formula (MoM/YoY)

Sheet Q2 – Calculations
B2: QUESTION 2 – ACTIVE CUSTOMERS & MONTHLY REPEAT SENDERS
B3: Customer Journey Team | Last 13 months: Apr 2012 – Apr 2013 | Slicers: PayIn Country, PayOut Country
B4: Active Customers = DISTINCT SenderKeys across current + 2 prior months (3-month rolling) | Repeat Sender Rate (%) = Monthly Repeat Senders / Transacting Customers in preceding month × 100
B5: Q2.1 – Active Customers (3-Month Rolling Unique Senders)
B6: Month | C6: Active Customers (3-Month Rolling) | D6: Transacting Customers (Current) | E6: Prev Month Customers | F6: Monthly Repeat Senders | G6: Repeat Sender Rate (%)
B7: Apr 2012 | C7: 15458 | D7: 9420 | E7: 8712 | F7: 5072 | G7: =IFERROR(F7/E7,"N/A") -> 0.58218549
B8: May 2012 | C8: 16851 | D8: 11244 | E8: 9420 | F8: 6134 | G8: =IFERROR(F8/E8,"N/A") -> 0.65116773
B9: Jun 2012 | C9: 17606 | D9: 10949 | E9: 11244 | F9: 6801 | G9: =IFERROR(F9/E9,"N/A") -> 0.60485592
B10: Jul 2012 | C10: 18680 | D10: 12050 | E10: 10949 | F10: 7056 | G10: =IFERROR(F10/E10,"N/A") -> 0.64444241
B11: Aug 2012 | C11: 19102 | D11: 11951 | E11: 12050 | F11: 7384 | G11: =IFERROR(F11/E11,"N/A") -> 0.61278008
B12: Sep 2012 | C12: 19393 | D12: 11526 | E12: 11951 | F12: 7150 | G12: =IFERROR(F12/E12,"N/A") -> 0.59827629
B13: Oct 2012 | C13: 19665 | D13: 12489 | E13: 11526 | F13: 7381 | G13: =IFERROR(F13/E13,"N/A") -> 0.64037828
B14: Nov 2012 | C14: 20114 | D14: 12746 | E14: 12489 | F14: 7740 | G14: =IFERROR(F14/E14,"N/A") -> 0.61974538
B15: Dec 2012 | C15: 21272 | D15: 14299 | E15: 12746 | F15: 8506 | G15: =IFERROR(F15/E15,"N/A") -> 0.66734662
B16: Jan 2013 | C16: 22305 | D16: 14667 | E16: 14299 | F16: 9239 | G16: =IFERROR(F16/E16,"N/A") -> 0.6461291
B17: Feb 2013 | C17: 22814 | D17: 13612 | E17: 14667 | F17: 8812 | G17: =IFERROR(F17/E17,"N/A") -> 0.60080453
B18: Mar 2013 | C18: 23648 | D18: 15721 | E18: 13612 | F18: 9095 | G18: =IFERROR(F18/E18,"N/A") -> 0.66816045
B19: Apr 2013 | C19: 21791 | D19: 7954 | E19: 15721 | F19: 5677 | G19: =IFERROR(F19/E19,"N/A") -> 0.36110934
B20: AVG (full months) | C20: =ROUND(AVERAGE(C7:C18),0) -> 19742 | D20: =ROUND(AVERAGE(D7:D18),0) -> 12556 | E20: =ROUND(AVERAGE(E7:E18),0) -> 11972 | F20: =ROUND(AVERAGE(F7:F18),0) -> 7531 | G20: =AVERAGE(G7:G18) -> 0.62802269
B21: * Apr 2013 is a partial month (data available to 14 Apr 2013 only). Averages above exclude Apr 2013 for a fair representation of full-month performance.

Sheet Assumptions & Definitions
B2: ASSUMPTIONS, DEFINITIONS & DATA NOTES
B4: ITEM | C4: DETAIL
B5: Reporting Period | C5: Last 13 months: April 2012 – April 2013
B6: Latest Month in Dataset | C6: April 2013 — partial month, data available to 14 April 2013 only
B7: Paid Order Definition | C7: OrderPaid is a valid date — excluding sentinel values 1900-01-01, 1970-01-01 and 0
B8: Cancelled Orders | C8: Excluded from all analysis. Identified where OrderCancelled field is a valid non-sentinel date
B9: MoM % Formula | C9: (Current Month Orders - Prior Month Orders) / Prior Month Orders x 100. For partial months: MTD vs preceding MTD
B10: YoY % Formula | C10: (Current Month Orders - Same Month Prior Year) / Same Month Prior Year x 100. April 2013 YoY uses orders up to day 14 in April 2012 (MTD vs MTD)
B11: Active Customers Definition | C11: 3-month rolling count of DISTINCT SenderKeys who paid for at least one order across current month and 2 preceding months
B12: Monthly Repeat Senders | C12: Customers (SenderKey) who transacted in BOTH the current month AND the preceding month
B13: Repeat Sender Rate Formula | C13: (Monthly Repeat Senders / Transacting Customers in preceding month) x 100
B14: PayIn Countries in Dataset | C14: South Africa (CountryKey 205) — 568,500 orders | Botswana (CountryKey 28) — 138 orders
B15: PayOut Countries (Top 3) | C15: Zimbabwe 72% | Malawi 27% | Zambia 0.9% (remaining corridors <1% each)
... B20: DATA ANOMALY 3 | C20: Sentinel dates (1970-01-01, 1900-01-01) used in OrderPaid/OrderCancelled fields to represent null/unpaid states — filtered out
